<?xml version = '1.0' encoding = 'UTF-8'?>
<Table class="oracle.dbtools.crest.model.design.relational.Table" directorySegmentName="seg_0" id="61A49D62-B68C-25E5-BFE9-3BD32EE5ABB0" name="INGRESOS/EGRESOS">
<createdBy>sofiamerino</createdBy>
<createdTime>2019-04-04 17:21:56 UTC</createdTime>
<generatorID>AE974D31-10DE-51FC-C9C1-69566753C293</generatorID>
<ownerDesignName>trabajo</ownerDesignName>
<allowColumnReorder>false</allowColumnReorder>
<existDependencyGenerateInDDl>true</existDependencyGenerateInDDl>
<parsed>true</parsed>
<columns itemClass="oracle.dbtools.crest.model.design.relational.Column">
<Column name="Codigo" id="97BBEC10-8FE0-29F2-980C-BF35E6266018">
<createdBy>sofiamerino</createdBy>
<createdTime>2019-04-04 17:21:56 UTC</createdTime>
<generatorID>3CAB3820-BD75-1A27-0A63-0DEF148D016F</generatorID>
<ownerDesignName>trabajo</ownerDesignName>
<useDomainConstraints>false</useDomainConstraints>
<use>1</use>
<logicalDatatype>LOGDT019</logicalDatatype>
<ownDataTypeParameters>,,</ownDataTypeParameters>
<autoIncrementCycle>false</autoIncrementCycle>
</Column>
<Column name="Tipo" id="F7537AC9-D5D3-217C-9DC2-33E7967AF646">
<createdBy>sofiamerino</createdBy>
<createdTime>2019-04-04 17:21:56 UTC</createdTime>
<generatorID>C82A6D6A-5EAD-872D-CD97-CCC11FFEE7C7</generatorID>
<ownerDesignName>trabajo</ownerDesignName>
<useDomainConstraints>false</useDomainConstraints>
<use>1</use>
<logicalDatatype>LOGDT024</logicalDatatype>
<ownDataTypeParameters>,,</ownDataTypeParameters>
<autoIncrementCycle>false</autoIncrementCycle>
</Column>
<Column name="Fecha" id="B1F2A0B9-B7F5-1C78-9B37-13C07B1D7B74">
<createdBy>sofiamerino</createdBy>
<createdTime>2019-04-04 17:21:56 UTC</createdTime>
<generatorID>FC4BB0BB-4816-F5C2-1808-92B2D0262DB1</generatorID>
<ownerDesignName>trabajo</ownerDesignName>
<useDomainConstraints>false</useDomainConstraints>
<use>1</use>
<logicalDatatype>LOGDT007</logicalDatatype>
<ownDataTypeParameters>,,</ownDataTypeParameters>
<autoIncrementCycle>false</autoIncrementCycle>
</Column>
<Column name="Fecha_de_pago" id="151D6F40-8FD4-0248-42F0-E0BB8E6EAA40">
<createdBy>sofiamerino</createdBy>
<createdTime>2019-04-04 17:21:56 UTC</createdTime>
<generatorID>55AB7BE2-F4B7-E871-B48C-74EC43009A74</generatorID>
<ownerDesignName>trabajo</ownerDesignName>
<useDomainConstraints>false</useDomainConstraints>
<use>1</use>
<logicalDatatype>LOGDT007</logicalDatatype>
<ownDataTypeParameters>,,</ownDataTypeParameters>
<autoIncrementCycle>false</autoIncrementCycle>
</Column>
<Column name="Cantidad" id="B31D0BC8-578E-7AF7-5C60-1D27E100414E">
<createdBy>sofiamerino</createdBy>
<createdTime>2019-04-04 17:21:56 UTC</createdTime>
<generatorID>9D6132DC-2BFF-54D9-1CCB-36191522D90E</generatorID>
<ownerDesignName>trabajo</ownerDesignName>
<useDomainConstraints>false</useDomainConstraints>
<use>1</use>
<logicalDatatype>LOGDT019</logicalDatatype>
<ownDataTypeParameters>,,</ownDataTypeParameters>
<autoIncrementCycle>false</autoIncrementCycle>
</Column>
<Column name="Descripcion" id="593730B9-EA02-F774-A308-06490539412A">
<createdBy>sofiamerino</createdBy>
<createdTime>2019-04-04 17:21:56 UTC</createdTime>
<generatorID>BF5E5E8A-5F3E-ECEB-477D-B786EBC77F9E</generatorID>
<ownerDesignName>trabajo</ownerDesignName>
<nullsAllowed>true</nullsAllowed>
<useDomainConstraints>false</useDomainConstraints>
<use>1</use>
<logicalDatatype>LOGDT028</logicalDatatype>
<ownDataTypeParameters>,,</ownDataTypeParameters>
<autoIncrementCycle>false</autoIncrementCycle>
</Column>
<Column name="BENEFICIARIO_Codigo" id="C6C3A671-4290-E802-99F0-9F3D3F33BC4B">
<createdBy>sofiamerino</createdBy>
<createdTime>2019-04-04 17:21:56 UTC</createdTime>
<generatorID>280621C1-99E3-C177-A7B3-C388D67E8ED2</generatorID>
<ownerDesignName>trabajo</ownerDesignName>
<useDomainConstraints>false</useDomainConstraints>
<use>1</use>
<logicalDatatype>LOGDT019</logicalDatatype>
<ownDataTypeParameters>,,</ownDataTypeParameters>
<previousColumn>false</previousColumn>
<autoIncrementCycle>false</autoIncrementCycle>
<associations>
<colAssociation fkAssociation="E20E2F16-F121-54D6-2055-806B285EAB86" referredColumn="2EBBAE3C-E7D6-4839-5B56-92A1A56BDF39"/>
</associations>
</Column>
</columns>
<indexes itemClass="oracle.dbtools.crest.model.design.relational.Index">
<ind_PK_UK id="59AD684E-9184-3A7D-FEFD-10338F4F6563" name="INGRESOS/EGRESOS_PK">
<createdBy>sofiamerino</createdBy>
<createdTime>2019-04-04 17:21:56 UTC</createdTime>
<generatorID>64291FE2-B5D7-4055-DA0D-C0B67707BE58</generatorID>
<ownerDesignName>trabajo</ownerDesignName>
<pk>true</pk>
<indexState>Primary Constraint</indexState>
<isSurrogateKey>false</isSurrogateKey>
<indexColumnUsage>
<colUsage columnID="97BBEC10-8FE0-29F2-980C-BF35E6266018"/>
</indexColumnUsage>
</ind_PK_UK>
<ind_PK_UK id="45B8F786-8570-6A87-7693-92CF1E1A50AC" name="INGRESOS/EGRESOS_BENEFICIARIO_FK">
<createdBy>sofiamerino</createdBy>
<createdTime>2019-04-04 17:21:56 UTC</createdTime>
<generatorID>DF8AB950-B6D8-132D-FC37-94B51890B8B9</generatorID>
<ownerDesignName>trabajo</ownerDesignName>
<indexState>Foreign Key</indexState>
<isSurrogateKey>false</isSurrogateKey>
<indexColumnUsage>
<colUsage columnID="C6C3A671-4290-E802-99F0-9F3D3F33BC4B"/>
</indexColumnUsage>
</ind_PK_UK>
</indexes>
</Table>