<?xml version = '1.0' encoding = 'UTF-8'?>
<Entity class="oracle.dbtools.crest.model.design.logical.Entity" directorySegmentName="seg_0" id="AE974D31-10DE-51FC-C9C1-69566753C293" name="INGRESOS/EGRESOS">
<createdBy>sofiamerino</createdBy>
<createdTime>2019-04-04 16:46:36 UTC</createdTime>
<ownerDesignName>trabajo</ownerDesignName>
<engineerTo>
<item key="38395976-97C8-940C-42BA-6621103A6A4D" value="true"/>
</engineerTo>
<adequatelyNormalized>NO</adequatelyNormalized>
<expectedVolumes>0</expectedVolumes>
<fwdEngineeringStrategyName>Single Table</fwdEngineeringStrategyName>
<growthPercent>0</growthPercent>
<growthType>Year</growthType>
<maxVolumes>9999999</maxVolumes>
<minVolumes>0</minVolumes>
<normalForm>Third</normalForm>
<attributes itemClass="oracle.dbtools.crest.model.design.logical.Attribute">
<Attribute name="Codigo" id="3CAB3820-BD75-1A27-0A63-0DEF148D016F">
<createdBy>sofiamerino</createdBy>
<createdTime>2019-04-04 16:47:40 UTC</createdTime>
<ownerDesignName>trabajo</ownerDesignName>
<engineerTo>
<item key="38395976-97C8-940C-42BA-6621103A6A4D" value="true"/>
</engineerTo>
<useDomainConstraints>false</useDomainConstraints>
<use>1</use>
<logicalDatatype>LOGDT019</logicalDatatype>
<ownDataTypeParameters>,,</ownDataTypeParameters>
</Attribute>
<Attribute name="Tipo" id="C82A6D6A-5EAD-872D-CD97-CCC11FFEE7C7">
<createdBy>sofiamerino</createdBy>
<createdTime>2019-04-04 16:47:52 UTC</createdTime>
<ownerDesignName>trabajo</ownerDesignName>
<engineerTo>
<item key="38395976-97C8-940C-42BA-6621103A6A4D" value="true"/>
</engineerTo>
<useDomainConstraints>false</useDomainConstraints>
<use>1</use>
<logicalDatatype>LOGDT024</logicalDatatype>
<ownDataTypeParameters>,,</ownDataTypeParameters>
</Attribute>
<Attribute name="Fecha" id="FC4BB0BB-4816-F5C2-1808-92B2D0262DB1">
<createdBy>sofiamerino</createdBy>
<createdTime>2019-04-04 16:48:04 UTC</createdTime>
<ownerDesignName>trabajo</ownerDesignName>
<engineerTo>
<item key="38395976-97C8-940C-42BA-6621103A6A4D" value="true"/>
</engineerTo>
<useDomainConstraints>false</useDomainConstraints>
<use>1</use>
<logicalDatatype>LOGDT007</logicalDatatype>
<ownDataTypeParameters>,,</ownDataTypeParameters>
</Attribute>
<Attribute name="Fecha de pago" id="55AB7BE2-F4B7-E871-B48C-74EC43009A74">
<createdBy>sofiamerino</createdBy>
<createdTime>2019-04-04 16:48:34 UTC</createdTime>
<ownerDesignName>trabajo</ownerDesignName>
<engineerTo>
<item key="38395976-97C8-940C-42BA-6621103A6A4D" value="true"/>
</engineerTo>
<useDomainConstraints>false</useDomainConstraints>
<use>1</use>
<logicalDatatype>LOGDT007</logicalDatatype>
<ownDataTypeParameters>,,</ownDataTypeParameters>
</Attribute>
<Attribute name="Cantidad" id="9D6132DC-2BFF-54D9-1CCB-36191522D90E">
<createdBy>sofiamerino</createdBy>
<createdTime>2019-04-04 16:48:57 UTC</createdTime>
<ownerDesignName>trabajo</ownerDesignName>
<engineerTo>
<item key="38395976-97C8-940C-42BA-6621103A6A4D" value="true"/>
</engineerTo>
<useDomainConstraints>false</useDomainConstraints>
<use>1</use>
<logicalDatatype>LOGDT019</logicalDatatype>
<ownDataTypeParameters>,,</ownDataTypeParameters>
</Attribute>
<Attribute name="Descripcion" id="BF5E5E8A-5F3E-ECEB-477D-B786EBC77F9E">
<createdBy>sofiamerino</createdBy>
<createdTime>2019-04-04 16:49:10 UTC</createdTime>
<ownerDesignName>trabajo</ownerDesignName>
<engineerTo>
<item key="38395976-97C8-940C-42BA-6621103A6A4D" value="true"/>
</engineerTo>
<nullsAllowed>true</nullsAllowed>
<useDomainConstraints>false</useDomainConstraints>
<use>1</use>
<logicalDatatype>LOGDT028</logicalDatatype>
<ownDataTypeParameters>,,</ownDataTypeParameters>
</Attribute>
<Attribute name="Codigo1" id="280621C1-99E3-C177-A7B3-C388D67E8ED2">
<createdBy>sofiamerino</createdBy>
<createdTime>2019-04-04 17:17:07 UTC</createdTime>
<generatorID>DF8AB950-B6D8-132D-FC37-94B51890B8B9</generatorID>
<ownerDesignName>trabajo</ownerDesignName>
<engineerTo>
<item key="38395976-97C8-940C-42BA-6621103A6A4D" value="true"/>
</engineerTo>
<referedAttribute>15B1337C-DAD2-948F-A085-CC628B9BA5CE</referedAttribute>
<useDomainConstraints>false</useDomainConstraints>
<use>1</use>
<logicalDatatype>LOGDT019</logicalDatatype>
<ownDataTypeParameters>,,</ownDataTypeParameters>
</Attribute>
</attributes>
<identifiers itemClass="oracle.dbtools.crest.model.design.logical.CandidateKey">
<identifier id="64291FE2-B5D7-4055-DA0D-C0B67707BE58" name="Ingresos/Egresos PK">
<createdBy>sofiamerino</createdBy>
<createdTime>2019-04-04 16:47:50 UTC</createdTime>
<ownerDesignName>trabajo</ownerDesignName>
<engineerTo>
<item key="38395976-97C8-940C-42BA-6621103A6A4D" value="true"/>
</engineerTo>
<pk>true</pk>
<usedAttributes>
<attributeRef>3CAB3820-BD75-1A27-0A63-0DEF148D016F</attributeRef>
</usedAttributes>
</identifier>
</identifiers>
</Entity>