<?xml version = '1.0' encoding = 'UTF-8'?>
<relationalModel class="oracle.dbtools.crest.model.design.relational.RelationalDesign" name="Relational_1" id="38395976-97C8-940C-42BA-6621103A6A4D" mainViewID="649B9C55-5F08-643C-E5B4-EED75E694050">
<createdBy>sofiamerino</createdBy>
<createdTime>2019-04-04 16:11:21 UTC</createdTime>
<ownerDesignName>trabajo</ownerDesignName>
<shouldBeOpen>false</shouldBeOpen>
<selectedRDBMSSite>32076570-2523-435C-2E92-BF29817DFF70</selectedRDBMSSite>
</relationalModel>