<?xml version="1.0" encoding="UTF-8"?>
<project-private xmlns="http://www.netbeans.org/ns/project-private/1">
    <editor-bookmarks xmlns="http://www.netbeans.org/ns/editor-bookmarks/2" lastBookmarkId="0"/>
    <open-files xmlns="http://www.netbeans.org/ns/projectui-open-files/2">
        <group>
            <file>file:/home/ladynightmare/Desktop/3rd%20year/Internet/Tema%205/Practica7/AgendaEE/AgendaEE-war/src/java/es/uma/informatica/sii/agendaee/ws/ApplicationConfig.java</file>
            <file>file:/home/ladynightmare/Desktop/3rd%20year/Internet/Tema%205/Practica7/AgendaEE/AgendaEE-war/src/java/es/uma/informatica/sii/agendaee/ws/NegocioWS.java</file>
        </group>
    </open-files>
</project-private>
