<?xml version = '1.0' encoding = 'UTF-8'?>
<FKIndexAssociation class="oracle.dbtools.crest.model.design.relational.FKIndexAssociation" directorySegmentName="seg_0" id="20D8A275-BD70-6A6E-55F8-94FF3EF90460" containerWithKeyObject="FCD69C5F-9F23-DF88-2B2A-339DF52D5924" localFKIndex="B3E1AB6B-ADDE-EF5A-610D-7843A2763FD4" name="DATOS_ACADEMICOS_BENEFICIARIO_FK">
<createdBy>sofiamerino</createdBy>
<createdTime>2019-04-04 17:21:56 UTC</createdTime>
<generatorID>591CCEAC-F59A-D14D-D6EF-D6E4C16348DD</generatorID>
<ownerDesignName>trabajo</ownerDesignName>
<referredTableLongName>BENEFICIARIO</referredTableLongName>
<deleteRule>NO ACTION</deleteRule>
<referredTableID>6873944C-FDAA-6423-B938-2DD63EA58D87</referredTableID>
<keyObject>22095C1F-E5A3-F5A3-0343-F0AA57B679C7</keyObject>
<referredKeyID>22095C1F-E5A3-F5A3-0343-F0AA57B679C7</referredKeyID>
<mandatory>true</mandatory>
<refColNames>Codigo</refColNames>
<transferable>true</transferable>
<rely>false</rely>
<columnDependencyConstraintGenerateInDDL>true</columnDependencyConstraintGenerateInDDL>
</FKIndexAssociation>