<?xml version = '1.0' encoding = 'UTF-8'?>
<Relation class="oracle.dbtools.crest.model.design.logical.Relation" name="Relation_4" directorySegmentName="seg_0" id="DF8AB950-B6D8-132D-FC37-94B51890B8B9">
<createdBy>sofiamerino</createdBy>
<createdTime>2019-04-04 17:17:07 UTC</createdTime>
<ownerDesignName>trabajo</ownerDesignName>
<engineerTo>
<item key="38395976-97C8-940C-42BA-6621103A6A4D" value="true"/>
</engineerTo>
<sourcePk>88CA8103-D612-F0C1-EA2A-FA84AC4BBB2A</sourcePk>
<identifying>false</identifying>
<nameOnSource>Recibe</nameOnSource>
<optionalSource>true</optionalSource>
<optionalTarget>false</optionalTarget>
<sourceCardinality>1</sourceCardinality>
<sourceEntity>927B99F4-A44F-0BC0-CA31-4547354EABE4</sourceEntity>
<targetCardinalityString>*</targetCardinalityString>
<targetEntity>AE974D31-10DE-51FC-C9C1-69566753C293</targetEntity>
<transferable>true</transferable>
<deleteRule>NO ACTION</deleteRule>
</Relation>